Metric,Score,Pct
Accuracy,0.956140350877193,95.61%
Precision,0.9855072463768116,98.55%
Recall,0.9444444444444444,94.44%
F1-Score,0.9645390070921985,96.45%
